Name,Category,Quantity,Price,Min Stock,Created
SUPPORT TV NS-814,Accessories TV,20,$0.00,5,1/2/2026
PRO-50 V8,Mobile accessories,200,$0.00,5,1/2/2026
PRO-05,Mobile accessories,50,$0.00,5,1/2/2026
PANEL RGB PM-26,Accessoires pour photographie et video,40,$0.00,5,1/2/2026
PRO-4 TPC,Mobile accessories,500,$0.00,5,1/2/2026
SMART WATCH ZT-40,SMART WATCH,40,$0.00,5,1/2/2026
BAF BLT-BO-B12 INOX,Accessories son,60,$0.00,5,1/2/2026
Cable HDMI 8K 3M,Accessoires electroniques,100,$0.00,5,1/2/2026
RING 3D 45,Accessoires pour photographie et video,10,$0.00,5,1/2/2026
BROSE MO-7153,Coiffure,32,$0.00,5,1/2/2026
BAF BLT MINI NORMALE,Accessories son,200,$0.00,5,1/2/2026
PLAQUE KM-3011,Coiffure,40,$0.00,5,1/2/2026
LES COSTES (2),Accessoires electroniques,300,$0.00,5,1/2/2026
ADAPTATEUR HDTV-TYPR,Informatique,400,$0.00,5,1/2/2026
SUPPORT CAR A-22,Car accessories,300,$0.00,5,1/2/2026
DVR 12V,Pc accessories,200,$0.00,5,1/2/2026
Cable HDMI 8K 1.5M,Accessoires electroniques,200,$0.00,5,1/2/2026
KEMEI KM-2299,Beaute et soins,120,$0.00,5,1/2/2026
RALLONGE MOXOM 4 PORT Black+White,Electricite,40,$0.00,5,1/2/2026
CAR MP3 G-22,Car accessories,200,$0.00,5,1/2/2026
CABLE FIBRE OPTIC 2M,Accessoires electroniques,500,$0.00,5,1/2/2026
ADAPTATEUR TPC BLACK-PETIT,Mobile accessories,1000,$0.00,5,1/2/2026
HTC AT-119,Beaute et soins,60,$0.00,5,1/2/2026
ADAPTATEUR,Mobile accessories,200,$0.00,5,1/2/2026
TP-LINK C20,Reseau,25,$0.00,5,1/2/2026
TORCHE BOITE VERT,Eclairage,120,$0.00,5,1/2/2026
RADIO FP-1367 U,Accessories son,30,$0.00,5,1/2/2026
KEMEI KM-131,Beaute et soins,60,$0.00,5,1/2/2026
SPEAKER TTD 8251,Accessories son,8,$0.00,5,1/2/2026
AM 4.1A IPH,Mobile accessories,200,$0.00,5,1/2/2026
SOLAR T-923-3,Energie renouvelable,12,$0.00,5,1/2/2026
UL-180 PRO-BK,Calculatrices,60,$0.00,5,1/2/2026
RCA BIG 3*3 BLACK,Accessoires electroniques,300,$0.00,5,1/2/2026
CLAVIER BLT HP 2 IN 1,Informatique,30,$0.00,5,1/2/2026
SPEAKER ZQS 4210 MICRO,Accessories son,24,$0.00,5,1/2/2026
SPEAKER ZQS-911S,Accessories son,4,$0.00,5,1/2/2026
ABAJORA ROND LONG,Eclairage,80,$0.00,5,1/2/2026
HTC AT-569,Beaute et soins,60,$0.00,5,1/2/2026
SINTA 5M NORMAL,Eclairage,100,$0.00,5,1/2/2026
SUPORT RING 201M (2),Accessoires pour photographie et video,30,$0.00,5,1/2/2026
PRO-50 IPH,Mobile accessories,200,$0.00,5,1/2/2026
TORCHE BOITE NOIR,Eclairage,120,$0.00,5,1/2/2026
PRO-09,Mobile accessories,50,$0.00,5,1/2/2026
SMART WATCH (WATCH 4),SMART WATCH,100,$0.00,5,1/2/2026
AM SINTA 2.4A V8,Mobile accessories,400,$0.00,5,1/2/2026
SINTA 10M NORMAL,Eclairage,100,$0.00,5,1/2/2026
RING RGB 33,Accessoires pour photographie et video,30,$0.00,5,1/2/2026
SCALE CX-SERIES,Electromenager,100,$0.00,5,1/2/2026
BAF GOOGLE HX-63A,Accessories son,30,$0.00,5,1/2/2026
SUPPORT CAR K-567,Car accessories,100,$0.00,5,1/2/2026
PRO-61 IPH,Mobile accessories,200,$0.00,5,1/2/2026
KEMEI KM-2028,Beaute et soins,40,$0.00,5,1/2/2026
MANETTE PLAY 3 SMALL,Accessoires de jeux,50,$0.00,5,1/2/2026
GAMING GH-215,Mobile accessories,40,$0.00,5,1/2/2026
BAF WS-5369,Accessories son,16,$0.00,5,1/2/2026
SINTA NORMAL BLT NEON,Eclairage,40,$0.00,5,1/2/2026
MI 10400,Mobile accessories,100,$0.00,5,1/2/2026
PLAT TASA TPC,Mobile accessories,300,$0.00,5,1/2/2026
SUPPORT CAR K-598,Car accessories,100,$0.00,5,1/2/2026
SPEAKER GY-8010,Accessories son,4,$0.00,5,1/2/2026
ABAJORA ROSE,Eclairage,40,$0.00,5,1/2/2026
VIDVIE SILICON IPH,Mobile accessories,1200,$0.00,5,1/2/2026
ROUTEUR 5G BLEU,Informatique,100,$0.00,5,1/2/2026
SPEAKER CS 4430,Accessories son,8,$0.00,5,1/2/2026
Cable RESEAU 3M,Accessoires electroniques,250,$0.00,5,1/2/2026
NOKIA 105,Telecommunications,100,$0.00,5,1/2/2026
KEMEI KM-431,Beaute et soins,40,$0.00,5,1/2/2026
BOLA BLT CRISTALE BIG,Eclairage,24,$0.00,5,1/2/2026
CHARGEUR INFINIX,Mobile accessories,190,$0.00,5,1/2/2026
CAR MP3 Q-3,Car accessories,200,$0.00,5,1/2/2026
CT-3319 PLUS,Calculatrices,59,$0.00,5,1/2/2026
Cable HD 3M,Accessoires electroniques,135,$0.00,5,1/2/2026
ABAJORA CRISTAL BIG,Eclairage,51,$0.00,5,1/2/2026
MICRO BLT WS-1816,Accessories son,64,$0.00,5,1/2/2026
MANETTE PLAY 4 SONY,Accessoires de jeux,50,$0.00,5,1/2/2026
ADAPTATEUR FAST WHITE,Mobile accessories,2000,$0.00,5,1/2/2026
SMAL 3*3 COLOR,Accessoires electroniques,300,$0.00,5,1/2/2026
PRO-2 TPC,Mobile accessories,500,$0.00,5,1/2/2026
KEMEI KM-5207,Beaute et soins,40,$0.00,5,1/2/2026
BAF CARTABLE CH-M814,Accessories son,50,$0.00,5,1/2/2026
SPEAKER ZQS-8220S,Accessories son,2,$0.00,5,1/2/2026
S-190,Mobile accessories,100,$0.00,5,1/2/2026
TONDEUSE FEMME SWEET,Beaute et soins,120,$0.00,5,1/2/2026
SOLAR 742 B,Energie renouvelable,8,$0.00,5,1/2/2026
BAF ZQS-1368,Accessories son,30,$0.00,5,1/2/2026
ADAPTATEUR TPC WHITE-PETIT,Mobile accessories,1000,$0.00,5,1/2/2026
SMART WATCH X-9,SMART WATCH,50,$0.00,5,1/2/2026
LAPTOP SUPPORT L-003,Car accessories,40,$0.00,5,1/2/2026
CHARGEUR TABLET,Mobile accessories,43,$0.00,5,1/2/2026
Cable HD 20M,Accessoires electroniques,36,$0.00,5,1/2/2026
CASIO DJ-240D,Calculatrices,60,$0.00,5,1/2/2026
PLAQUE GEK,Coiffure,40,$0.00,5,1/2/2026
SUPPORT CAR K009,Car accessories,200,$0.00,5,1/2/2026
PRO-D1,Mobile accessories,60,$0.00,5,1/2/2026
SMART WATCH WHITE,SMART WATCH,50,$0.00,5,1/2/2026
SINTA 5M BLT,Eclairage,100,$0.00,5,1/2/2026
MACHINE POUR LES POINTS NOIRS W-714,Beaute et soins,52,$0.00,5,1/2/2026
RING RGB 45,Accessoires pour photographie et video,20,$0.00,5,1/2/2026
SCALE 300KG NORMALE,Electromenager,5,$0.00,5,1/2/2026
SECHOIR GEK 3800,Coiffure,36,$0.00,5,1/2/2026
MANETTE PLAY 5 SONY,Accessoires de jeux,50,$0.00,5,1/2/2026
SECHOIR HD-8019,Coiffure,32,$0.00,5,1/2/2026
Q-86,Mobile accessories,300,$0.00,5,1/2/2026
K-50,Mobile accessories,200,$0.00,5,1/2/2026
ADAPTATEUR HUAWEI,Mobile accessories,500,$0.00,5,1/2/2026
CHARGEUR SAMSUNG 120W,Mobile accessories,200,$0.00,5,1/2/2026
iPhone 14 ORG,Mobile accessories,400,$0.00,5,1/2/2026
OPPO VOOC,Mobile accessories,450,$0.00,5,1/2/2026
RADIO U-60,Accessories son,32,$0.00,5,1/2/2026
SOLAR EP-393 BT,Onduleurs solaires,32,$0.00,5,1/2/2026
SCALE A TIGE 60KG AVEC SUPPORT,Electromenager,8,$0.00,5,1/2/2026
SELFIE AI Q-13,Accessoires pour photographie et video,30,$0.00,5,1/2/2026
SACHET DE CHARGEUR OPPO,Mobile accessories,168,$0.00,5,1/2/2026
TP-LINK 940,Reseau,1,$0.00,5,1/2/2026
TORCHE W-5161-2,Eclairage,40,$0.00,5,1/2/2026
PRO-4 V8,Mobile accessories,500,$0.00,5,1/2/2026
HTC AT-560,Beaute et soins,40,$0.00,5,1/2/2026
RADIO FP-2306,Accessories son,40,$0.00,5,1/2/2026
CAR 45W V8,Car accessories,200,$0.00,5,1/2/2026
LAPTOP SUPPORT L005,Car accessories,100,$0.00,5,1/2/2026
AM 4.1A V8,Mobile accessories,200,$0.00,5,1/2/2026
LAPTOP SUPPORT L-07,Car accessories,10,$0.00,5,1/2/2026
CABLE TPC+TPC,Accessoires electroniques,4260,$0.00,5,1/2/2026
DVD CAR ANDROID ROUGE,Car accessories,20,$0.00,5,1/2/2026
SAMSUNG 45W BLACK,Mobile accessories,200,$0.00,5,1/2/2026
HTC GT-608,Beaute et soins,24,$0.00,5,1/2/2026
SCALE DY-718 BANANE,Electromenager,30,$0.00,5,1/2/2026
PALQUE MX-8550,Coiffure,60,$0.00,5,1/2/2026
TORCHE P-50,Eclairage,20,$0.00,5,1/2/2026
CAR MP3 G-7,Car accessories,200,$0.00,5,1/2/2026
BAF BLT BO-F3,Accessories son,120,$0.00,5,1/2/2026
HTC,Mobile accessories,100,$0.00,5,1/2/2026
RCA BIG 3*3 BLEU,Accessoires electroniques,300,$0.00,5,1/2/2026
SELFIE NORMALE ROSE,Accessoires pour photographie et video,400,$0.00,5,1/2/2026
SAMSUNG 65W White,Mobile accessories,225,$0.00,5,1/2/2026
ADAPTATEUR iPhone ORIGINAL PACK,Mobile accessories,2000,$0.00,5,1/2/2026
ADAPTATEUR TPC WHITE GRAND,Mobile accessories,1000,$0.00,5,1/2/2026
TORCHE MH-330,Eclairage,240,$0.00,5,1/2/2026
SAMSUNG 65W BLACK,Mobile accessories,200,$0.00,5,1/2/2026
SUPPORT TV 117 B,Accessories TV,50,$0.00,5,1/2/2026
ADAPTATEUR S6 FAST BLACK,Mobile accessories,2000,$0.00,5,1/2/2026
MACHINE POUR LES CILS,Beaute et soins,100,$0.00,5,1/2/2026
SCALE CUISINE SF-400,Electromenager,80,$0.00,5,1/2/2026
TORCHE MH-711-3,Eclairage,48,$0.00,5,1/2/2026
BOLA BLT PETITE NORMAL,Eclairage,99,$0.00,5,1/2/2026
PRO-65 IPH,Mobile accessories,200,$0.00,5,1/2/2026
BOLA BLT ROND BIG 48W,Eclairage,30,$0.00,5,1/2/2026
SUPPORT CAR K-563,Car accessories,100,$0.00,5,1/2/2026
BROSE 908 A,Coiffure,40,$0.00,5,1/2/2026
BOLA BLT GRANDE FARFARA,Eclairage,40,$0.00,5,1/2/2026
RING RGB 36,Accessoires pour photographie et video,40,$0.00,5,1/2/2026
ABAJORA KORA,Eclairage,40,$0.00,5,1/2/2026
CASIO DJ 160 PLUS,Calculatrices,60,$0.00,5,1/2/2026
SPEAKER CS-8810/8808,Accessories son,4,$0.00,5,1/2/2026
SCALE 150KG SUPPORT,Electromenager,5,$0.00,5,1/2/2026
HTC AT-176,Beaute et soins,60,$0.00,5,1/2/2026
SUPPORT TV 26-63,Accessories TV,40,$0.00,5,1/2/2026
KEMEI KM-1598,Beaute et soins,40,$0.00,5,1/2/2026
Cable HD 1.5M,Accessoires electroniques,400,$0.00,5,1/2/2026
KEMEI KM-1804,Beaute et soins,40,$0.00,5,1/2/2026
HTC AT-535,Beaute et soins,60,$0.00,5,1/2/2026
KEMEI KM-1800,Beaute et soins,48,$0.00,5,1/2/2026
KEMEI KM-5021 NEW,Beaute et soins,80,$0.00,5,1/2/2026
MINI LH-C1,Beaute et soins,100,$0.00,5,1/2/2026
TORCHE BX-57,Eclairage,60,$0.00,5,1/2/2026
HTC AT-258,Beaute et soins,60,$0.00,5,1/2/2026
BOLA BLT CARRE 48W,Eclairage,45,$0.00,5,1/2/2026
CASIO SIENCE 991 ES BIG,Calculatrices,120,$0.00,5,1/2/2026
FOXCON TPC,Mobile accessories,1000,$0.00,5,1/2/2026
ROUTEUR 5G BLACK,Informatique,100,$0.00,5,1/2/2026
HTC AT-525,Beaute et soins,80,$0.00,5,1/2/2026
KEMEI KM-1807,Beaute et soins,40,$0.00,5,1/2/2026
SINTA NEON BLT 5M,Eclairage,40,$0.00,5,1/2/2026
KEMEI KM-1741,Beaute et soins,40,$0.00,5,1/2/2026
SPEAKER ZQS 4271,Accessories son,40,$0.00,5,1/2/2026
TORCHE LIGHT SOLAR,Eclairage,60,$0.00,5,1/2/2026
VIDVIE SILICON V8,Mobile accessories,1200,$0.00,5,1/2/2026
SUPPORT TV 14-42,Accessories TV,40,$0.00,5,1/2/2026
Cable LAPTOP White CHARGE,Accessoires electroniques,150,$0.00,5,1/2/2026
HTC AT-118,Beaute et soins,60,$0.00,5,1/2/2026
CABLE HDMI VGA 1.5M,Accessoires electroniques,200,$0.00,5,1/2/2026
CAR MP3 M20,Car accessories,100,$0.00,5,1/2/2026
MANETTE PLAY 4 BIG,Accessoires de jeux,50,$0.00,5,1/2/2026
RCA TABLEAU 3*3,Accessoires electroniques,120,$0.00,5,1/2/2026
SUPPORT CAR K10-B,Car accessories,100,$0.00,5,1/2/2026
SAMSUNG BUDS-PRO-10,Mobile accessories,100,$0.00,5,1/2/2026
PANEL RGB PM-60,Accessoires pour photographie et video,10,$0.00,5,1/2/2026
LNB TELEVES (2),Electronique,60,$0.00,5,1/2/2026
KEMEI KM-7114,Beaute et soins,60,$0.00,5,1/2/2026
TP-LINK 844,Reseau,3,$0.00,5,1/2/2026
CABLE FIBRE OPTIC 5M,Accessoires electroniques,250,$0.00,5,1/2/2026
TORCHE ZOOM SECOUR,Eclairage,80,$0.00,5,1/2/2026
PLAQUE MX-8006,Coiffure,50,$0.00,5,1/2/2026
BOLA BLT CRISTAL SMALL,Eclairage,50,$0.00,5,1/2/2026
Cable HD 5M,Accessoires electroniques,109,$0.00,5,1/2/2026
SCALE 150KG NORMALE,Electromenager,5,$0.00,5,1/2/2026
BAF CARTABLE CH-M813,Accessories son,30,$0.00,5,1/2/2026
SCALE CAFE,Electromenager,40,$0.00,5,1/2/2026
HTC AT-179,Beaute et soins,60,$0.00,5,1/2/2026
KEMEI KM-1784,Beaute et soins,60,$0.00,5,1/2/2026
BAF GOOGLE L-35,Accessories son,40,$0.00,5,1/2/2026
CABLE FIBRE OPTIC 10M,Accessoires electroniques,150,$0.00,5,1/2/2026
Mi 120W,Mobile accessories,200,$0.00,5,1/2/2026
TP-LINK 841,Reseau,30,$0.00,5,1/2/2026
AM SINTA 2.4A V3,Mobile accessories,400,$0.00,5,1/2/2026
RING CARRE YM-200 RGB,Accessoires pour photographie et video,20,$0.00,5,1/2/2026
iPhone 14 2 IN 1+CABLE,Mobile accessories,200,$0.00,5,1/2/2026
KEMEI KM-1708,Beaute et soins,40,$0.00,5,1/2/2026
CAR MP3 M2,Car accessories,100,$0.00,5,1/2/2026
HTC GT-623,Beaute et soins,50,$0.00,5,1/2/2026
TORCHE TD-8000,Eclairage,9,$0.00,5,1/2/2026
BAF GOOGLE BT-2309,Accessories son,30,$0.00,5,1/2/2026
PRO-62 V8,Mobile accessories,260,$0.00,5,1/2/2026
LES COSTES (1),Accessoires electroniques,295,$0.00,5,1/2/2026
PLAQUE MX-4522,Coiffure,50,$0.00,5,1/2/2026
UNIVERSAL PC,Pc accessories,50,$0.00,5,1/2/2026
RING 3D 56,Accessoires pour photographie et video,10,$0.00,5,1/2/2026
CHARGEUR LDNIO 2.4A,Mobile accessories,134,$0.00,5,1/2/2026
CABLE DP HDTV 1.8M,Accessoires electroniques,200,$0.00,5,1/2/2026
OPPO SUPERVOOC REN03,Mobile accessories,200,$0.00,5,1/2/2026
GAMING GH-231,Mobile accessories,20,$0.00,5,1/2/2026
TORCHE 520 A,Eclairage,120,$0.00,5,1/2/2026
CASIO SIENCE 991 EX,Calculatrices,120,$0.00,5,1/2/2026
CABLE RESEAU 10M,Accessoires electroniques,100,$0.00,5,1/2/2026
PRO-60 TPC,Mobile accessories,200,$0.00,5,1/2/2026
CAR MP3 X8,Car accessories,200,$0.00,5,1/2/2026
pro-64 White,Mobile accessories,225,$0.00,5,1/2/2026
KIT SAMSUNG Y5 SOPA,Mobile accessories,1000,$0.00,5,1/2/2026
PANEL ROND RGB GS-450,Accessoires pour photographie et video,10,$0.00,5,1/2/2026
KAWYA,Accessoires electroniques,100,$0.00,5,1/2/2026
SUPPORT MOTOR M-3,Car accessories,100,$0.00,5,1/2/2026
PANEL ROND RGB GS-33,Accessoires pour photographie et video,10,$0.00,5,1/2/2026
KEMEI KM-1866,Beaute et soins,40,$0.00,5,1/2/2026
SAMSUNG 45W 2 IN 1 BLACK,Mobile accessories,200,$0.00,5,1/2/2026
SWITCH HD 30M,Informatique,200,$0.00,5,1/2/2026
BAF GOOGLE BT-3401,Accessories son,30,$0.00,5,1/2/2026
SELFIE JC-21H LIGHT,Accessoires pour photographie et video,7,$0.00,5,1/2/2026
SPEAKER TTD 8250,Accessories son,8,$0.00,5,1/2/2026
ADAPTATEUR,Mobile accessories,200,$0.00,5,1/2/2026
ADAPTATEUR HDTV-VGA,Informatique,400,$0.00,5,1/2/2026
SELFIE AI Q16,Accessoires pour photographie et video,30,$0.00,5,1/2/2026
KIT SAMSUNG J8 SOPA,Mobile accessories,1000,$0.00,5,1/2/2026
Cable SCALE White CHARGE,Accessoires electroniques,200,$0.00,5,1/2/2026
kIT BLEU D-42,Mobile accessories,500,$0.00,5,1/2/2026
BAF BLT A-18 ROSE,Accessories son,200,$0.00,5,1/2/2026
CAR MP3 X-15,Car accessories,200,$0.00,5,1/2/2026
CAR MP3 D5,Car accessories,200,$0.00,5,1/2/2026
SPEAKER ZQS-901S,Accessories son,4,$0.00,5,1/2/2026
Cable RESEAU 1.5M,Accessoires electroniques,450,$0.00,5,1/2/2026
TORCHE MH-636-3,Eclairage,200,$0.00,5,1/2/2026
BAF GOOGLE G-63 SMALL,Accessories son,40,$0.00,5,1/2/2026
SINTA 10M CARTON,Eclairage,40,$0.00,5,1/2/2026
SCALE 150KG ROUGE (1),Electromenager,5,$0.00,5,1/2/2026
RING 3D 30,Accessoires pour photographie et video,30,$0.00,5,1/2/2026
PANEL RGB PM-36,Accessoires pour photographie et video,20,$0.00,5,1/2/2026
HTC AT-213,Beaute et soins,60,$0.00,5,1/2/2026
BAF SD-P5,Accessories son,100,$0.00,5,1/2/2026
TORCHE W-5115,Eclairage,54,$0.00,5,1/2/2026
TORCHE MH-618,Eclairage,240,$0.00,5,1/2/2026
SECHOIR FABA 3900,Coiffure,29,$0.00,5,1/2/2026
KIT CHOCOLAT,Mobile accessories,571,$0.00,5,1/2/2026
RING CARRE YM-200 RGB,Accessoires pour photographie et video,20,$0.00,5,1/2/2026
TORCHE W 5240+5241,Eclairage,48,$0.00,5,1/2/2026
SPEAKER ZQS 8301,Accessories son,2,$0.00,5,1/2/2026
RALLONGE ALTEC,Electricite,72,$0.00,5,1/2/2026
SPEAKER QL-1211,Accessories son,4,$0.00,5,1/2/2026
SINTA 5M BLT BLISTA,Eclairage,100,$0.00,5,1/2/2026
TORCHE 3 LED MINI,Eclairage,420,$0.00,5,1/2/2026
RADIO FP-1773 U,Accessories son,60,$0.00,5,1/2/2026
SMART WATCH C7-ULTRA 2,SMART WATCH,60,$0.00,5,1/2/2026
HTC AT-1088,Beaute et soins,60,$0.00,5,1/2/2026
SPEAKER ZQS 10102,Accessories son,4,$0.00,5,1/2/2026
TORCHE 5 LED,Eclairage,98,$0.00,5,1/2/2026
SCALE 300KG ROUGE (1),Electromenager,5,$0.00,5,1/2/2026
SUPPORT CAR KAAS,Car accessories,200,$0.00,5,1/2/2026
BOLA BLT ROND 24 W,Eclairage,36,$0.00,5,1/2/2026
HTC AT-187,Beaute et soins,40,$0.00,5,1/2/2026
TORCHE SD-6658,Eclairage,400,$0.00,5,1/2/2026
KIT AKG TPC,Accessoires electroniques,500,$0.00,5,1/2/2026
BAF BLT ZQS-14102,Accessories son,30,$0.00,5,1/2/2026
PRO-5,Mobile accessories,100,$0.00,5,1/2/2026
Y-10,Mobile accessories,100,$0.00,5,1/2/2026
CAR MP3 F-05,Car accessories,200,$0.00,5,1/2/2026
SPEAKER FP-8209ULS-BT-M,Accessories son,6,$0.00,5,1/2/2026
SPEAKER QL-8302,Accessories son,5,$0.00,5,1/2/2026
BAF GOOGLE BT-2301,Accessories son,24,$0.00,5,1/2/2026
BROSE LY-813,Coiffure,50,$0.00,5,1/2/2026
MACHINE WAX-200,Beaute et soins,24,$0.00,5,1/2/2026
SUPPORT MOTOR M-3B,Car accessories,100,$0.00,5,1/2/2026
SECHOIR GM-1780,Coiffure,24,$0.00,5,1/2/2026
NOKIA 150,Telecommunications,200,$0.00,5,1/2/2026
SAMSUNG 50W White,Mobile accessories,200,$0.00,5,1/2/2026
Huawei 66W,Mobile accessories,200,$0.00,5,1/2/2026
CABLE RESEAU 20M,Accessoires electroniques,60,$0.00,5,1/2/2026
12V SCALE,Mobile accessories,400,$0.00,5,1/2/2026
Cable CHARGE PLAY 3,Accessoires electroniques,500,$0.00,5,1/2/2026
BOITE TASA,Mobile accessories,200,$0.00,5,1/2/2026
CHARGEUR u8 FAR,Mobile accessories,220,$0.00,5,1/2/2026
RCA BIG 3*3 GREY,Accessoires electroniques,300,$0.00,5,1/2/2026
HTC AT-570,Beaute et soins,40,$0.00,5,1/2/2026
SCALE 300KG BLT,Electromenager,5,$0.00,5,1/2/2026
HTC AT-128,Beaute et soins,80,$0.00,5,1/2/2026
KEMEI KM-247,Beaute et soins,60,$0.00,5,1/2/2026
BROSE MO-7117,Coiffure,30,$0.00,5,1/2/2026
KEMEI KM-780,Beaute et soins,24,$0.00,5,1/2/2026
SELFIE AI Q 515 TK,Accessoires pour photographie et video,40,$0.00,5,1/2/2026
HTC AT-576,Beaute et soins,48,$0.00,5,1/2/2026
RING 3D 33,Accessoires pour photographie et video,30,$0.00,5,1/2/2026
AM 4.1A TPC,Mobile accessories,200,$0.00,5,1/2/2026
Cable 30M,Accessoires electroniques,33,$0.00,5,1/2/2026
LNB TELEVES (4),Electronique,50,$0.00,5,1/2/2026
BAF ZQS-1221W,Accessories son,60,$0.00,5,1/2/2026
KEMEI KM-1949,Beaute et soins,40,$0.00,5,1/2/2026
KEMEI KM-T-399,Beaute et soins,40,$0.00,5,1/2/2026
CHARGEUR HWAWEI 25W,Mobile accessories,200,$0.00,5,1/2/2026
iPhone 16 2 IN 1+CABLE,Mobile accessories,200,$0.00,5,1/2/2026
SOURIS BLT HP CHARGE,Informatique,200,$0.00,5,1/2/2026
LAMPE 9X-6888 T,Eclairage,60,$0.00,5,1/2/2026
SELFIE AI Q185,Accessoires pour photographie et video,40,$0.00,5,1/2/2026
KEMEI KM-2026,Beaute et soins,60,$0.00,5,1/2/2026
CHARGEUR TPC FAR,Mobile accessories,180,$0.00,5,1/2/2026
CT-9200 C-W,Calculatrices,60,$0.00,5,1/2/2026
TORCHE LED 3W,Eclairage,160,$0.00,5,1/2/2026
SCOTCH BIG,Accessoires electroniques,36,$0.00,5,1/2/2026
CAR 45W IPH,Car accessories,200,$0.00,5,1/2/2026
LECTURE CARTE,Accessoires electroniques,693,$0.00,5,1/2/2026
HTC AT-180,Beaute et soins,80,$0.00,5,1/2/2026
SCALE CUISINE Cuillere,Electromenager,100,$0.00,5,1/2/2026
SCALE 40KG DY-209 B,Electromenager,8,$0.00,5,1/2/2026
ABAJORA KAAS,Eclairage,40,$0.00,5,1/2/2026
RADIO FP-2303,Accessories son,30,$0.00,5,1/2/2026
SCALE 60KG,Electromenager,6,$0.00,5,1/2/2026
KEMEI KM-291,Beaute et soins,40,$0.00,5,1/2/2026
PRO-13,Mobile accessories,50,$0.00,5,1/2/2026
RADIO RRS-647U,Accessories son,24,$0.00,5,1/2/2026
BAF GOOGLE G-30,Accessories son,24,$0.00,5,1/2/2026
TP-LINK C24,Reseau,15,$0.00,5,1/2/2026
ADAPTATEUR TPC BLACK-GRAND,Mobile accessories,1000,$0.00,5,1/2/2026
SUPPORT CAR Q-1,Car accessories,100,$0.00,5,1/2/2026
CAR MP3 M-21,Car accessories,200,$0.00,5,1/2/2026
SUPORT RING 2.8M (1),Accessoires pour photographie et video,16,$0.00,5,1/2/2026
PANEL RGB PM-48,Accessoires pour photographie et video,10,$0.00,5,1/2/2026
PLAQUE KM-2053,Coiffure,40,$0.00,5,1/2/2026
KEMEI KM-809 A,Beaute et soins,40,$0.00,5,1/2/2026
Thick CABLE 120W AM TPC+V8,Mobile accessories,500,$0.00,5,1/2/2026
CABLE VGA 1.5M,Accessoires electroniques,600,$0.00,5,1/2/2026
Thin cable 120W AM TPC,Mobile accessories,1000,$0.00,5,1/2/2026
pro-64 Black,Mobile accessories,200,$0.00,5,1/2/2026
iPh-14 PACKING ORIGINAL,Mobile accessories,400,$0.00,5,1/2/2026
ABAJORA MINI MIXT,Eclairage,160,$0.00,5,1/2/2026
KEMEI KM-2027,Beaute et soins,60,$0.00,5,1/2/2026
iPhone 16 ORG TPC,Mobile accessories,400,$0.00,5,1/2/2026
SAMSUNG B-315,Telecommunications,100,$0.00,5,1/2/2026
RCA SMAL 2*1,Accessoires electroniques,447,$0.00,5,1/2/2026
PLAQUE KM-329,Coiffure,60,$0.00,5,1/2/2026
HTC AT-508,Beaute et soins,60,$0.00,5,1/2/2026
TORCHE TOURNEVIS SMAL,Eclairage,20,$0.00,5,1/2/2026
Mi 80W,Mobile accessories,200,$0.00,5,1/2/2026
TORCHE TOURNEVIS BIG,Eclairage,8,$0.00,5,1/2/2026
HTC AT-578,Beaute et soins,48,$0.00,5,1/2/2026
BAF SD-P7,Accessories son,100,$0.00,5,1/2/2026
KEMEI KM-732,Beaute et soins,60,$0.00,5,1/2/2026
HTC CT-8083,Beaute et soins,40,$0.00,5,1/2/2026
PRO-D2,Mobile accessories,60,$0.00,5,1/2/2026
LAMPE BATTERIE TORCHE,Eclairage,420,$0.00,5,1/2/2026
CABLE TYPE-C HDTV 2M,Accessoires electroniques,200,$0.00,5,1/2/2026
SPEAKER CS-8802,Accessories son,6,$0.00,5,1/2/2026
SOLAR CL-112,Energie renouvelable,16,$0.00,5,1/2/2026
PRO-D4,Mobile accessories,60,$0.00,5,1/2/2026
RADIO M-115 BT BIG,Accessories son,16,$0.00,5,1/2/2026
SCALE 150KG BLT,Electromenager,5,$0.00,5,1/2/2026
SUPPORT TV NS-400,Accessories TV,10,$0.00,5,1/2/2026
SMART WATCH W-26,SMART WATCH,50,$0.00,5,1/2/2026
CABLE RESEAU 50M,Accessoires electroniques,30,$0.00,5,1/2/2026
ADAPTATEUR SAMSUNG S8 White,Mobile accessories,1000,$0.00,5,1/2/2026
SCOTCH SMAL,Accessoires electroniques,96,$0.00,5,1/2/2026
KEMEI KM-511,Beaute et soins,40,$0.00,5,1/2/2026
CAR 45W TPC,Car accessories,259,$0.00,5,1/2/2026
GY-2240 C,Calculatrices,60,$0.00,5,1/2/2026
CS-4408/4406,Accessories son,24,$0.00,5,1/2/2026
SPEAKER ZQS-6210,Accessories son,4,$0.00,5,1/2/2026
SPEAKER GY 8306,Accessories son,2,$0.00,5,1/2/2026
Car JARAR IPH,Car accessories,400,$0.00,5,1/2/2026
SCALE DY-988 KOORA,Electromenager,25,$0.00,5,1/2/2026
TORCHE 8 LED 805,Eclairage,100,$0.00,5,1/2/2026
SAMSUNG 50W BLACK,Mobile accessories,200,$0.00,5,1/2/2026
SELFIE JC-28H LIGHT,Accessoires pour photographie et video,50,$0.00,5,1/2/2026
TPC 5A BLACK,Mobile accessories,1000,$0.00,5,1/2/2026
SCALE POCKET BP-2208,Electromenager,50,$0.00,5,1/2/2026
BOLA BLT CRISTAL MOYEN,Eclairage,40,$0.00,5,1/2/2026
BROSE MO-7161,Coiffure,29,$0.00,5,1/2/2026
EP-2136,Calculatrices,60,$0.00,5,1/2/2026
SHARP EL-2136,Calculatrices,60,$0.00,5,1/2/2026
TP-LINK 845,Reseau,1,$0.00,5,1/2/2026
CASIO DS-2B,Calculatrices,60,$0.00,5,1/2/2026
PRO-01,Mobile accessories,50,$0.00,5,1/2/2026
RING CARRE E-30 RGB,Accessoires pour photographie et video,40,$0.00,5,1/2/2026
BROSE MO-7132,Coiffure,30,$0.00,5,1/2/2026
LAMPE SECOUR COBX2,Eclairage,80,$0.00,5,1/2/2026
KEMEI KM-1711,Beaute et soins,40,$0.00,5,1/2/2026
TP-LINK C50,Reseau,14,$0.00,5,1/2/2026
PRO-D3,Mobile accessories,60,$0.00,5,1/2/2026
BAF L-59S,Accessories son,50,$0.00,5,1/2/2026
HTC AT-1220,Beaute et soins,60,$0.00,5,1/2/2026
RADIO FP-1366,Accessories son,30,$0.00,5,1/2/2026
K-8,Mobile accessories,100,$0.00,5,1/2/2026
Car JARAR v8,Car accessories,390,$0.00,5,1/2/2026
HTC GT-601,Beaute et soins,48,$0.00,5,1/2/2026
SOURIS BLT DELL CHARGE,Informatique,200,$0.00,5,1/2/2026
AM-40W IPH,Mobile accessories,200,$0.00,5,1/2/2026
PLAT TASA V8,Mobile accessories,300,$0.00,5,1/2/2026
PRO-3 Black,Mobile accessories,100,$0.00,5,1/2/2026
SPEAKER TTD 2820 W,Accessories son,4,$0.00,5,1/2/2026
CASIO DJ-120 PLUS,Calculatrices,80,$0.00,5,1/2/2026
BATTERIE 4C,Mobile accessories,1000,$0.00,5,1/2/2026
PRO-15,Mobile accessories,50,$0.00,5,1/2/2026
BAF BLT-TG-105,Accessories son,39,$0.00,5,1/2/2026
MEGAPHONE MP-11,Accessories son,30,$0.00,5,1/2/2026
BROSE MO-7156 PACK,Coiffure,17,$0.00,5,1/2/2026
SCALE DY-209 PASTIQUE,Electromenager,25,$0.00,5,1/2/2026
BAF BLT-TG-157,Accessories son,50,$0.00,5,1/2/2026
KEMEI KM-1538,Beaute et soins,48,$0.00,5,1/2/2026
PRO-3 4 IN 1,Mobile accessories,500,$0.00,5,1/2/2026
HTC AT-208,Beaute et soins,60,$0.00,5,1/2/2026
CHARGEUR MI 27W,Mobile accessories,200,$0.00,5,1/2/2026
BAF BLT JOC-1902,Accessories son,58,$0.00,5,1/2/2026
SOLAR JD-8200 L,Energie renouvelable,8,$0.00,5,1/2/2026
PRO-12,Mobile accessories,50,$0.00,5,1/2/2026
KIT YS TASA BLACK,Mobile accessories,0,$0.00,5,1/2/2026
PRO-65 V8,Mobile accessories,200,$0.00,5,1/2/2026
HTC AT-1105,Beaute et soins,60,$0.00,5,1/2/2026
PRO 5S,Mobile accessories,200,$0.00,5,1/2/2026
SCALE VALISE,Electromenager,100,$0.00,5,1/2/2026
SCALE 600KG NORMALE,Electromenager,5,$0.00,5,1/2/2026
TORCHE F 928,Eclairage,120,$0.00,5,1/2/2026
PRO-04,Mobile accessories,50,$0.00,5,1/2/2026
SOURIS NORMALE HP,Informatique,250,$0.00,5,1/2/2026
POWER BANK BLACK,Mobile accessories,100,$0.00,5,1/2/2026
Cable HD 15M,Accessoires electroniques,4,$0.00,5,1/2/2026
BAF DISCO MXS-001,Accessories son,36,$0.00,5,1/2/2026
SUPPORT CAR S8 -DIRHAM,Car accessories,1000,$0.00,5,1/2/2026
LNB TELEVES (1),Electronique,100,$0.00,5,1/2/2026
CAR JARAR 24W,Car accessories,200,$0.00,5,1/2/2026
RADIO JOC H-1011 BT,Accessories son,100,$0.00,5,1/2/2026
CABLE SAMSUNG ROND NORMAL,Accessoires electroniques,800,$0.00,5,1/2/2026
CABLE 2.0A,Accessoires electroniques,251,$0.00,5,1/2/2026
MI GOLD V8,Mobile accessories,500,$0.00,5,1/2/2026
SUPPORT CAR K588,Car accessories,100,$0.00,5,1/2/2026
SPEAKER TTD 8257,Accessories son,6,$0.00,5,1/2/2026
SPEAKER DR-8829,Accessories son,4,$0.00,5,1/2/2026
RING 3D 26,Accessoires pour photographie et video,40,$0.00,5,1/2/2026
BROSE MO-7154 PACK,Coiffure,14,$0.00,5,1/2/2026
SUPPORT TV LG T-27,Accessories TV,40,$0.00,5,1/2/2026
PRO-06,Mobile accessories,50,$0.00,5,1/2/2026
pro-64 Yellow,Mobile accessories,200,$0.00,5,1/2/2026
LAMPE SECOUR 3 PCS,Eclairage,80,$0.00,5,1/2/2026
HAMDI 3.4A TPC,Mobile accessories,200,$0.00,5,1/2/2026
CABLE HDMI 1.5 EMBALAGE,Accessoires electroniques,50,$0.00,5,1/2/2026
KIT 3.5MM PACKING White,Mobile accessories,245,$0.00,5,1/2/2026
SPEAKER ZQS 8267,Accessories son,2,$0.00,5,1/2/2026
PLAQUE KM-9828,Coiffure,60,$0.00,5,1/2/2026
KIT TPC (BOITE),Accessoires electroniques,500,$0.00,5,1/2/2026
CLAVIER DELL 2 IN 1,Informatique,30,$0.00,5,1/2/2026
SMART WATCH ULTRA ORANGE,SMART WATCH,30,$0.00,5,1/2/2026
PRO-11,Mobile accessories,50,$0.00,5,1/2/2026
SOURIS BLT PROFONE CHARGE,Informatique,200,$0.00,5,1/2/2026
BAF DISCO XY-899 LED,Accessories son,48,$0.00,5,1/2/2026
SUPPORT CAR D-11,Car accessories,200,$0.00,5,1/2/2026
SCALE DY-828 INOX,Electromenager,10,$0.00,5,1/2/2026
KEMEI KM-1681,Beaute et soins,40,$0.00,5,1/2/2026
RING PORTABLE MJ-06,Accessoires pour photographie et video,200,$0.00,5,1/2/2026
PLAQUE MX-5001,Coiffure,50,$0.00,5,1/2/2026
KEMEI KM-3024,Beaute et soins,60,$0.00,5,1/2/2026
PRO-4,Mobile accessories,100,$0.00,5,1/2/2026
SUPPORT CAR K007,Car accessories,200,$0.00,5,1/2/2026
CAR MP3 X5,Car accessories,100,$0.00,5,1/2/2026
iPh-17 PACKING ORIGINAL,Mobile accessories,500,$0.00,5,1/2/2026
MICRO BAF LINE,Accessories son,178,$0.00,5,1/2/2026
BAF CHARGE 3+,Accessories son,40,$0.00,5,1/2/2026
CHARGEUR OPPO 2.4A,Mobile accessories,200,$0.00,5,1/2/2026
SCALE 2023 A,Electromenager,100,$0.00,5,1/2/2026
SMART WATCH ZT-09 HM,SMART WATCH,100,$0.00,5,1/2/2026
PLAQUE MX-9910,Coiffure,50,$0.00,5,1/2/2026
DVD CAR 6.2 BLEU,Car accessories,20,$0.00,5,1/2/2026
MEGAPHONE NORMALE,Accessories son,20,$0.00,5,1/2/2026
QIRUI QR-168,Beaute et soins,40,$0.00,5,1/2/2026
SMART WATCH ZT-08,SMART WATCH,100,$0.00,5,1/2/2026
SUPPORT CAR H-160,Car accessories,100,$0.00,5,1/2/2026
HTC AT-528 A,Beaute et soins,60,$0.00,5,1/2/2026
HTC AT-1210 A,Beaute et soins,60,$0.00,5,1/2/2026
SUPPORT CAR A-30,Car accessories,200,$0.00,5,1/2/2026
SUPPORT CAR MOTOR BLACK,Car accessories,100,$0.00,5,1/2/2026
PRO-08,Mobile accessories,50,$0.00,5,1/2/2026
Cable RESEAU 5M,Accessoires electroniques,200,$0.00,5,1/2/2026
HAMDI 3.4A V8,Mobile accessories,200,$0.00,5,1/2/2026
IPH 17 10 IN 1 SACHET,Mobile accessories,1000,$0.00,5,1/2/2026
SINTA NEJMA,Eclairage,100,$0.00,5,1/2/2026
SCALE 500G BLEU,Electromenager,56,$0.00,5,1/2/2026
BAF BLT ZQS-K-12,Accessories son,80,$0.00,5,1/2/2026
SAMSUNG 45W 2 IN 1 White,Mobile accessories,200,$0.00,5,1/2/2026
CLAVIER GAMING GK-110+,Informatique,20,$0.00,5,1/2/2026
CASIO DS-2122 H,Calculatrices,60,$0.00,5,1/2/2026
KEMEI KM-2273,Beaute et soins,48,$0.00,5,1/2/2026
RADIO FP-1371,Accessories son,30,$0.00,5,1/2/2026
CABLE HDMI SONY,Mobile accessories,85,$0.00,5,1/2/2026
Cable LAPTOP BLACK CHARGE,Accessoires electroniques,155,$0.00,5,1/2/2026
SCALE PERSONNE,Electromenager,40,$0.00,5,1/2/2026
RALLONGE MOXOM 8 PORT Black+White,Electricite,40,$0.00,5,1/2/2026
SCALE 3000G BLACK,Electromenager,50,$0.00,5,1/2/2026
SOLAR CL-780,Energie renouvelable,10,$0.00,5,1/2/2026
ABAJORA BORJ,Eclairage,40,$0.00,5,1/2/2026
RING RGB 56,Accessoires pour photographie et video,10,$0.00,5,1/2/2026
PRO-61 TPC,Mobile accessories,200,$0.00,5,1/2/2026
SOLAR T-928-6,Energie renouvelable,12,$0.00,5,1/2/2026
FOXCON IPH,Mobile accessories,1000,$0.00,5,1/2/2026
kIT BLEU BS-03,Mobile accessories,500,$0.00,5,1/2/2026
LAMPE COLOR DISCO XF-5802,Eclairage,60,$0.00,5,1/2/2026
SMART WATCH SIM-W7 PLUS,SMART WATCH,50,$0.00,5,1/2/2026
HTC AT-288 B,Beaute et soins,40,$0.00,5,1/2/2026
AM 3.4A 3Point v8,Mobile accessories,200,$0.00,5,1/2/2026
CABLE RESEAU 40M,Accessoires electroniques,35,$0.00,5,1/2/2026
PRO-02,Mobile accessories,50,$0.00,5,1/2/2026
TP-LINK C54,Reseau,20,$0.00,5,1/2/2026
P-9 PLUS,Mobile accessories,60,$0.00,5,1/2/2026
Mi 120W BIG,Mobile accessories,200,$0.00,5,1/2/2026
CLAVIER GAMING BLT WS-9000,Informatique,20,$0.00,5,1/2/2026
SAMSUNG GALAX BUDS 3,Mobile accessories,300,$0.00,5,1/2/2026
CASIO GX-14 B,Calculatrices,60,$0.00,5,1/2/2026
SECHOIR GEK 3800 NEW,Coiffure,24,$0.00,5,1/2/2026
UL-180 PRO,Calculatrices,60,$0.00,5,1/2/2026
MANETTE ADAPTATEUR PALY 3 CHARGE,Accessoires de jeux,50,$0.00,5,1/2/2026
RING PORTABLE A-4S,Accessoires pour photographie et video,86,$0.00,5,1/2/2026
TPC,Mobile accessories,200,$0.00,5,1/2/2026
kIT BLEU D-39,Mobile accessories,500,$0.00,5,1/2/2026
RING RGB 30,Accessoires pour photographie et video,30,$0.00,5,1/2/2026
Cable HDMI 8K 5M,Accessoires electroniques,80,$0.00,5,1/2/2026
K-50,Mobile accessories,100,$0.00,5,1/2/2026
PRO-65 TPC,Mobile accessories,250,$0.00,5,1/2/2026
TORCHE TY-830T,Eclairage,48,$0.00,5,1/2/2026
KEMEI KM-2024,Beaute et soins,60,$0.00,5,1/2/2026
CABLE RESEAU 30M,Accessoires electroniques,35,$0.00,5,1/2/2026
KIT MI WHITE,Mobile accessories,140,$0.00,5,1/2/2026
TORCHE BX-58,Eclairage,50,$0.00,5,1/2/2026
TORCHE YJ-2895,Eclairage,36,$0.00,5,1/2/2026
PRO-07,Mobile accessories,50,$0.00,5,1/2/2026
CLAVIER BLT LOGITECH 2 IN 1,Informatique,30,$0.00,5,1/2/2026
SUPPORT TV 117 B-2,Accessories TV,50,$0.00,5,1/2/2026
PRO-03,Mobile accessories,50,$0.00,5,1/2/2026
SOURIS NORMALE GRIS,Informatique,200,$0.00,5,1/2/2026
PRO-50 TP,Mobile accessories,200,$0.00,5,1/2/2026
UL-190 PRO-GD,Calculatrices,60,$0.00,5,1/2/2026
CAR MP3 G-27,Car accessories,200,$0.00,5,1/2/2026
PRO-2 V8,Mobile accessories,500,$0.00,5,1/2/2026
BAF GOOGLE Y-13,Accessories son,24,$0.00,5,1/2/2026
ADAPTATEUR MI 67W,Mobile accessories,500,$0.00,5,1/2/2026
BAF CARTABLE CH-M818,Accessories son,50,$0.00,5,1/2/2026
SPEAKER ZQS 9401,Accessories son,12,$0.00,5,1/2/2026
FIYOUZ FLEUR PETIT,Eclairage,240,$0.00,5,1/2/2026
Cable RADIO GREY,Accessoires electroniques,200,$0.00,5,1/2/2026
CABLE FIBRE OPTIC 20M,Accessoires electroniques,100,$0.00,5,1/2/2026
AM 1.2A V3,Mobile accessories,200,$0.00,5,1/2/2026
CABLE VGA 3M,Accessoires electroniques,200,$0.00,5,1/2/2026
RCA BIG 3*3 COLOR,Accessoires electroniques,300,$0.00,5,1/2/2026
SOLAR IS-1377S/BT,Energie renouvelable,24,$0.00,5,1/2/2026
ADAPTATEUR PRISE AMERICAINE NORME,Informatique,1000,$0.00,5,1/2/2026
SUPPORT CAR K-563 BIG,Car accessories,100,$0.00,5,1/2/2026
SMART WATCH HA-WATCH 4,SMART WATCH,100,$0.00,5,1/2/2026
PRO-63 120W,Mobile accessories,200,$0.00,5,1/2/2026
BAF L-55S,Accessories son,40,$0.00,5,1/2/2026
DELUXE AM V8,Mobile accessories,200,$0.00,5,1/2/2026
PLAT TASA IPH,Mobile accessories,300,$0.00,5,1/2/2026
RADIO FP-2361,Accessories son,24,$0.00,5,1/2/2026
PRO-60 IPH,Mobile accessories,200,$0.00,5,1/2/2026
CAR MP3 G-25,Car accessories,200,$0.00,5,1/2/2026
PRO-3 White,Mobile accessories,100,$0.00,5,1/2/2026
GAMING GH-220,Mobile accessories,20,$0.00,5,1/2/2026
PRO-62 TPC,Mobile accessories,380,$0.00,5,1/2/2026
MICRO BLT WS-858,Accessories son,72,$0.00,5,1/2/2026
PRO-62 IPH,Mobile accessories,200,$0.00,5,1/2/2026
MANETTE PC,Accessoires de jeux,60,$0.00,5,1/2/2026
ASPIRATEUR CAR ORANGE,Accessoires electroniques,52,$0.00,5,1/2/2026
ROUTEUR 5G ROND (1),Informatique,100,$0.00,5,1/2/2026
SPEAKER ZQS 4270/4273 M,Accessories son,24,$0.00,5,1/2/2026
SPEAKER ZQS-8212,Accessories son,6,$0.00,5,1/2/2026
ADDAPTEUR OPPO USB,Mobile accessories,500,$0.00,5,1/2/2026
SCALE 300KG SUPPORT,Electromenager,5,$0.00,5,1/2/2026
RING 3D 36,Accessoires pour photographie et video,20,$0.00,5,1/2/2026
VIDVIE SILICON TPC,Mobile accessories,600,$0.00,5,1/2/2026
PRO-6,Mobile accessories,100,$0.00,5,1/2/2026
RCA NORMALE3*3,Accessoires electroniques,600,$0.00,5,1/2/2026
TWIN Charge,Mobile accessories,200,$0.00,5,1/2/2026
PRO-61 V8,Mobile accessories,200,$0.00,5,1/2/2026
ADAPTATEUR CHARGEUR IPAD,Accessoires electroniques,318,$0.00,5,1/2/2026
KEMEI KM-1710,Beaute et soins,40,$0.00,5,1/2/2026
SAMSUNG Y-J 5 IN 1,Mobile accessories,1000,$0.00,5,1/2/2026
GX-140 B,Calculatrices,60,$0.00,5,1/2/2026
OPPO 66W,Mobile accessories,200,$0.00,5,1/2/2026
CAR MP3 F-40,Car accessories,200,$0.00,5,1/2/2026
SCALE 200G SMAL,Electromenager,100,$0.00,5,1/2/2026
TORCHE Bb-6000A-30W-T6,Eclairage,20,$0.00,5,1/2/2026
KEMEI KM-1512,Beaute et soins,48,$0.00,5,1/2/2026
BAF CARTABLE CH-M822,Accessories son,20,$0.00,5,1/2/2026
SUPPORT CAR K-591,Car accessories,100,$0.00,5,1/2/2026
SECHOIR MO-7098,Coiffure,7,$0.00,5,1/2/2026
MEGAPHONE BIG MP-80,Accessories son,6,$0.00,5,1/2/2026
SCALE BATTERIE (1),Electromenager,200,$0.00,5,1/2/2026
KEMEI LASER KM-6813,Beaute et soins,8,$0.00,5,1/2/2026
ABAJORA HC-868,Eclairage,36,$0.00,5,1/2/2026
KEMEI KM-6541,Beaute et soins,40,$0.00,5,1/2/2026
SAMSUNG 45W White,Mobile accessories,200,$0.00,5,1/2/2026
KIT AKG EMBLE,Accessoires electroniques,500,$0.00,5,1/2/2026
CAR MP3 C8,Car accessories,100,$0.00,5,1/2/2026
PRO-14,Mobile accessories,50,$0.00,5,1/2/2026
KIT AKG SOPA,Mobile accessories,1000,$0.00,5,1/2/2026
SCALE CUISINE SF-400 A,Electromenager,89,$0.00,5,1/2/2026
CASIO SIENCE 991 ES PLUS,Calculatrices,120,$0.00,5,1/2/2026
SCALE DY3208 FRANCE,Electromenager,25,$0.00,5,1/2/2026
VIDVIE VD-001,Mobile accessories,500,$0.00,5,1/2/2026
CABLE METALLIQUE,Accessoires electroniques,386,$0.00,5,1/2/2026
KIT J-9 PLASTIC,Mobile accessories,1000,$0.00,5,1/2/2026
TORCHE MH-712,Eclairage,48,$0.00,5,1/2/2026
SMART WATCH S20 RED,SMART WATCH,100,$0.00,5,1/2/2026
SINTA 10M BLT,Eclairage,50,$0.00,5,1/2/2026
CABLE HDMI VGA 3M,Accessoires electroniques,150,$0.00,5,1/2/2026
BAF GOOGLE LN-326,Accessories son,80,$0.00,5,1/2/2026
SOLAR CL-2150,Energie renouvelable,12,$0.00,5,1/2/2026
PRO FONE Oreillette,Mobile accessories,200,$0.00,5,1/2/2026
TORCHE W 5251 B,Eclairage,40,$0.00,5,1/2/2026
BROSE MO-7118,Coiffure,35,$0.00,5,1/2/2026
KEMEI KM-2284,Beaute et soins,48,$0.00,5,1/2/2026
OTG U8,Accessoires electroniques,1200,$0.00,5,1/2/2026
HTC CT-8082,Beaute et soins,40,$0.00,5,1/2/2026
Cable HD 10M,Accessoires electroniques,62,$0.00,5,1/2/2026
AM-40W TPC,Mobile accessories,200,$0.00,5,1/2/2026
PRO-10,Mobile accessories,50,$0.00,5,1/2/2026
MANETTE PLAY 3 BIG,Accessoires de jeux,50,$0.00,5,1/2/2026
KIT J-5,Mobile accessories,2000,$0.00,5,1/2/2026
KEMEI KM-5021,Beaute et soins,80,$0.00,5,1/2/2026
TORCHE PA-9000 A 60 WT 6,Eclairage,16,$0.00,5,1/2/2026
Sainyou LB-17,Mobile accessories,100,$0.00,5,1/2/2026
KEMEI KM-1779,Beaute et soins,40,$0.00,5,1/2/2026
CT-9614,Calculatrices,60,$0.00,5,1/2/2026
SOLAR IS-8018S/BT,Energie renouvelable,45,$0.00,5,1/2/2026
PROFONE,Mobile accessories,200,$0.00,5,1/2/2026
Car JARAR TPC,Car accessories,400,$0.00,5,1/2/2026
RING RGB 26,Accessoires pour photographie et video,40,$0.00,5,1/2/2026
AM SINTA 2.4A IPH,Mobile accessories,200,$0.00,5,1/2/2026
MANETTE PLAY 2 SONY,Accessoires de jeux,50,$0.00,5,1/2/2026
